Группа вакансий,Название должности
Data Scientist,Data Scientist
Data Scientist,Data Analyst
Data Scientist,Data Engineer
Data Scientist,Machine Learning Engineer
Data Scientist,Data Scientist ML
BI-аналитик,Аналитик данных
BI-аналитик,BI аналитик
BI-аналитик,Инженер данных
Бизнес-аналитик,Бизнес-аналитик
Системный аналитик,Аналитик
Системный аналитик,Системный аналитик
Frontend-разработчик,Frontend-разработчик
Frontend-разработчик,Frontend developer
Frontend-разработчик,Программист
Backend-разработчик,Backend-разработчик
Backend-разработчик,Backend developer
Backend-разработчик,Программист
Fullstack-разработчик,Fullstack-разработчик
Fullstack-разработчик,Разработчик
Fullstack-разработчик,Программист
Руководитель IT-проектов,Менеджер проектов
Руководитель IT-проектов,Менеджер IT-проектов
Руководитель IT-проектов,IT Project Manager
Руководитель IT-проектов,Project Manager
Руководитель IT-проектов,Руководитель IT-проектов
DevOps,DevOps
DevOps,DevOps инженер
Тестировщик,Тестировщик
Технический писатель,Технический писатель
Специалист по информационной безопасности  ,Специалист по информационной безопасности
Специалист по информационной безопасности  ,Инженер по информационной безопасности
Системный администратор,Системный администратор
Системный администратор,Системный инженер
Сетевой инженер,Сетевой инженер
Сетевой инженер,Инженер
Сетевой инженер,Сетевой администратор
